Order ID,Order Date,Customer ID,Product ID,Quantity
QEV-37451-860,2019-09-05,17670-51384-MA,R-M-1,2
QEV-37451-860,2019-09-05,17670-51384-MA,E-M-0.5,5
FAA-43335-268,2021-06-17,21125-22134-PX,A-L-1,1
KAC-83089-793,2021-07-15,23806-46781-OU,E-M-1,2
KAC-83089-793,2021-07-15,23806-46781-OU,R-L-2.5,2
CVP-18956-553,2021-08-04,86561-91660-RB,L-D-1,3
IPP-31994-879,2022-01-21,65223-29612-CB,E-D-0.5,3
SNZ-65340-705,2022-05-20,21134-81676-FR,L-L-0.2,1
EZT-46571-659,2019-01-02,03396-68805-ZC,R-M-0.5,3
NWQ-70061-912,2019-09-05,61021-27840-ZN,R-M-0.5,1
BKK-47233-845,2021-03-08,76239-90137-UQ,A-D-1,4
VQR-01002-970,2020-10-28,49315-21985-BB,E-L-2.5,5
SZW-48378-399,2022-07-02,34136-36674-OM,R-M-1,5
ITA-87418-783,2020-05-22,39396-12890-PE,R-D-2.5,2
GNZ-46006-527,2022-04-05,95875-73336-RG,L-D-0.2,3
FYQ-78248-319,2022-06-07,25473-43727-BY,R-M-2.5,5
VAU-44387-624,2019-03-20,99643-51048-IQ,A-M-0.2,6
RDW-33155-159,2019-10-19,62173-15287-CU,A-L-1,6
TDZ-59011-211,2019-06-13,57611-05522-ST,R-D-2.5,4
IDU-25793-399,2020-12-04,76664-37050-DT,A-M-0.2,5
IDU-25793-399,2020-12-04,76664-37050-DT,E-D-0.2,4
NUO-20013-488,2020-12-04,03090-88267-BQ,A-D-0.2,6
UQU-65630-479,2021-01-22,37651-47492-NC,R-M-2.5,4
FEO-11834-332,2022-02-11,95399-57205-HI,A-D-0.2,4
TKY-71558-096,2021-09-15,24010-66714-HW,A-M-1,1
OXY-65322-253,2020-10-24,07591-92789-UA,E-M-0.2,3
EVP-43500-491,2019-02-20,49231-44455-IC,A-M-0.5,4
WAG-26945-689,2019-10-08,50124-88608-EO,A-M-0.2,5
CHE-78995-767,2022-08-02,00888-74814-UZ,A-D-0.5,3
RYZ-14633-602,2019-02-20,14158-30713-OB,A-D-1,4
WOQ-36015-429,2021-09-25,51427-89175-QJ,L-M-0.2,5
WOQ-36015-429,2021-09-25,51427-89175-QJ,A-D-0.5,6
WOQ-36015-429,2021-09-25,51427-89175-QJ,L-M-0.5,6
SCT-60553-454,2021-07-17,39123-12846-YJ,L-L-0.2,5
GFK-52063-244,2020-06-29,44981-99666-XB,L-L-0.5,6
AMM-79521-378,2021-06-01,24825-51803-CQ,A-D-0.5,6
QUQ-90580-772,2021-02-06,77634-13918-GJ,L-M-0.2,2
LGD-24408-274,2019-04-25,13694-25001-LX,L-L-0.5,3
HCT-95608-959,2020-04-25,08523-01791-TI,R-M-2.5,5
OFX-99147-470,2021-11-24,49860-68865-AB,R-M-1,6
LUO-37559-016,2021-04-19,21240-83132-SP,L-M-1,3
XWC-20610-167,2022-07-07,08350-81623-TF,E-D-0.2,2
GPU-79113-136,2019-05-22,73284-01385-SJ,R-D-0.2,3
ULR-52653-960,2021-10-04,04152-34436-IE,L-L-2.5,2
HPI-42308-142,2020-04-11,06631-86965-XP,E-M-0.5,2
XHI-30227-581,2022-01-31,54619-08558-ZU,L-D-2.5,6
DJH-05202-380,2019-11-07,85589-17020-CX,E-M-2.5,2
VMW-26889-781,2019-06-28,36078-91009-WU,A-L-0.2,2
DBU-81099-586,2020-09-11,15770-27099-GX,A-D-2.5,4
PQA-54820-810,2022-08-17,91460-04823-BX,A-L-1,3
XKB-41924-202,2022-08-19,45089-52817-WN,L-D-0.5,2
DWZ-69106-473,2019-05-15,76447-50326-IC,L-L-2.5,4
YHV-68700-050,2019-09-11,26333-67911-OL,R-M-0.5,5
YHV-68700-050,2019-09-11,26333-67911-OL,L-L-2.5,2
KRB-88066-642,2021-03-16,22107-86640-SB,L-M-1,5
LQU-08404-173,2020-12-03,09960-34242-LZ,L-L-1,3
CWK-60159-881,2020-01-27,04671-85591-RT,E-D-0.2,3
EEG-74197-843,2022-07-17,25729-68859-UA,E-L-1,4
UCZ-59708-525,2022-03-04,05501-86351-NX,L-D-2.5,3
HUB-47311-849,2021-12-07,04521-04300-OK,L-M-0.5,3
WYM-17686-694,2021-02-25,58689-55264-VK,A-D-2.5,5
ZYQ-15797-695,2019-02-25,79436-73011-MM,R-D-0.5,5
EEJ-16185-108,2019-02-09,65552-60476-KY,L-L-0.2,5
RWR-77888-800,2020-02-07,69904-02729-YS,A-M-0.5,1
LHN-75209-742,2020-03-23,01433-04270-AX,R-M-0.5,6
TIR-71396-998,2022-03-06,14204-14186-LA,R-D-2.5,4
RXF-37618-213,2022-04-15,32948-34398-HC,R-L-0.5,1
ANM-16388-634,2021-11-19,77343-52608-FF,L-L-0.2,2
WYL-29300-070,2019-10-16,42770-36274-QA,R-M-0.2,1
JHW-74554-805,2019-11-26,14103-58987-ZU,R-M-1,6
KYS-27063-603,2019-06-30,69958-32065-SW,E-L-2.5,4
GAZ-58626-277,2021-01-04,69533-84907-FA,L-L-0.2,2
RPJ-37787-335,2020-10-27,76005-95461-CI,A-M-2.5,3
LEF-83057-763,2021-06-15,15395-90855-VB,L-M-0.2,5
RPW-36123-215,2021-07-19,80640-45811-LB,E-L-0.5,2
WLL-59044-117,2021-07-23,28476-04082-GR,R-D-1,6
AWT-22827-563,2020-01-25,12018-75670-EU,R-L-0.2,1
QLM-07145-668,2019-05-09,86437-17399-FK,E-D-0.2,2
HVQ-64398-930,2020-03-30,62979-53167-ML,A-M-0.5,6
WRT-40778-247,2022-03-13,54810-81899-HL,R-L-1,4
SUB-13006-125,2019-04-17,26103-41504-IB,A-L-0.5,5
CQM-49696-263,2019-10-25,76534-45229-SG,L-L-2.5,3
KXN-85094-246,2019-09-13,81744-27332-RR,L-M-2.5,3
XOQ-12405-419,2020-04-12,91513-75657-PH,R-D-2.5,4
HYF-10254-369,2019-11-14,30373-66619-CB,L-L-0.5,1
XXJ-47000-307,2019-07-18,31582-23562-FM,A-L-2.5,3
XXJ-47000-307,2019-07-18,31582-23562-FM,A-D-0.2,4
ZDK-82166-357,2021-04-03,81431-12577-VD,A-M-1,3
IHN-19982-362,2021-03-29,68894-91205-MP,R-L-1,3
VMT-10030-889,2021-12-15,87602-55754-VN,A-L-1,6
NHL-11063-100,2020-05-20,39181-35745-WH,A-L-1,4
ROV-87448-086,2020-11-02,30381-64762-NG,A-M-2.5,4
DGY-35773-612,2020-07-25,17503-27693-ZH,E-L-1,3
YWH-50638-556,2019-03-14,89442-35633-HJ,E-L-0.5,4
ISL-11200-600,2020-07-02,13654-85265-IL,A-D-0.2,6
LBZ-75997-047,2019-12-17,40946-22090-FP,A-M-2.5,6
EUH-08089-954,2020-12-06,29050-93691-TS,A-D-0.2,2
BLD-12227-251,2021-03-04,64395-74865-WF,A-M-0.5,2
OPY-30711-853,2021-07-17,81861-66046-SU,A-D-0.2,1
DBC-44122-300,2020-11-04,13366-78506-KP,L-M-0.2,3
FJQ-60035-234,2021-04-05,08847-29858-HN,A-L-0.2,2
HSF-66926-425,2020-03-01,00539-42510-RY,L-D-2.5,5
LQG-41416-375,2021-10-19,45190-08727-NV,L-D-1,3
VZO-97265-841,2022-07-08,87049-37901-FU,R-M-0.2,4
MOR-12987-399,2019-08-17,34015-31593-JC,L-M-1,6
UOA-23786-489,2020-05-31,90305-50099-SV,A-M-0.5,6
AJL-52941-018,2020-05-05,55871-61935-MF,E-D-1,2
XSZ-84273-421,2019-04-14,15405-60469-TM,R-M-0.5,3
NUN-48214-216,2020-07-29,06953-94794-FB,A-M-0.5,4
AKV-93064-769,2019-12-12,22305-40299-CY,L-D-0.5,1
BRB-40903-533,2022-06-15,09020-56774-GU,E-L-0.2,3
GPR-19973-483,2019-06-26,92926-08470-YS,R-D-0.5,5
XIY-43041-882,2021-10-12,07250-63194-JO,A-M-1,1
YGY-98425-969,2019-04-01,63787-96257-TQ,L-M-1,1
MSB-08397-648,2021-03-10,49530-25460-RW,R-L-0.2,4
WDR-06028-345,2019-08-16,66508-21373-OQ,L-L-1,1
MXM-42948-061,2020-08-11,20203-03950-FY,L-L-0.2,4
MGQ-98961-173,2022-04-05,83895-90735-XH,L-L-0.5,4
RFH-64349-897,2019-10-22,61954-61462-RJ,E-D-0.5,3
TKL-20738-660,2021-10-02,47939-53158-LS,E-M-0.2,1
TKL-20738-660,2021-10-02,47939-53158-LS,A-L-0.2,1
TKL-20738-660,2021-10-02,47939-53158-LS,E-M-1,5
GOW-03198-575,2021-03-13,61513-27752-FA,A-D-0.5,4
QJB-90477-635,2022-06-12,89714-19856-WX,L-L-2.5,4
MWP-46239-785,2019-04-27,87979-56781-YV,L-M-0.2,5
QDV-03406-248,2019-05-23,74126-88836-KA,L-M-0.5,3
GPH-40635-105,2020-07-14,37397-05992-VO,A-M-1,1
JOM-80930-071,2021-11-10,54904-18397-UD,L-D-1,6
OIL-26493-755,2021-08-31,19017-95853-EK,A-M-0.5,1
CYV-13426-645,2019-07-06,88593-59934-VU,E-D-1,1
WRP-39846-614,2022-03-04,47493-68564-YM,A-L-2.5,5
VDZ-76673-968,2020-12-31,82246-82543-DW,E-D-0.5,2
VTV-03546-175,2020-07-31,03384-62101-IY,A-L-2.5,5
GHR-72274-715,2021-05-24,86881-41559-OR,L-D-1,1
ZGK-97262-313,2022-07-16,02536-18494-AQ,E-M-2.5,3
ZFS-30776-804,2021-02-05,58638-01029-CB,A-L-0.5,5
QUU-91729-492,2021-07-29,90312-11148-LA,A-D-0.2,4
PVI-72795-960,2022-03-17,68239-74809-TF,E-L-2.5,3
PPP-78935-365,2021-02-11,91074-60023-IP,E-D-1,4
JUO-34131-517,2019-02-13,07972-83748-JI,L-D-1,6
ZJE-89333-489,2022-05-13,08694-57330-XR,L-D-2.5,1
LOO-35324-159,2020-05-19,68412-11126-YJ,A-L-0.2,4
JBQ-93412-846,2022-04-27,69037-66822-DW,E-L-2.5,4
EHX-66333-637,2020-09-09,01297-94364-XH,L-M-0.5,2
WXG-25759-236,2021-03-10,39919-06540-ZI,E-L-2.5,2
QNA-31113-984,2019-04-07,60512-78550-WS,L-M-0.2,4
ZWI-52029-159,2020-07-12,40172-12000-AU,L-M-1,3
ZWI-52029-159,2020-07-12,40172-12000-AU,E-M-1,2
DFS-49954-707,2021-12-21,39019-13649-CL,E-D-0.2,5
VYP-89830-878,2020-10-04,12715-05198-QU,A-M-2.5,2
AMT-40418-362,2020-08-08,04513-76520-QO,L-D-1,1
NFQ-23241-793,2020-10-11,88446-59251-SQ,A-M-1,3
JQK-64922-985,2021-11-10,23779-10274-KN,R-M-2.5,3
YET-17732-678,2021-06-20,57235-92842-DK,R-D-0.2,1
NKW-24945-846,2021-10-04,75977-30364-AY,A-D-2.5,5
VKA-82720-513,2019-06-24,12299-30914-NG,A-M-2.5,6
THA-60599-417,2019-10-26,59971-35626-YJ,A-M-2.5,3
MEK-39769-035,2021-06-27,15380-76513-PS,R-D-2.5,3
JAF-18294-750,2019-09-06,73564-98204-EY,R-D-2.5,6
TME-59627-221,2021-04-30,72282-40594-RX,L-L-2.5,6
UDG-65353-824,2020-01-07,17514-94165-RJ,E-M-0.5,4
ENQ-42923-176,2021-01-11,56248-75861-JX,A-L-0.5,3
CBT-55781-720,2021-11-15,97855-54761-IS,E-D-0.5,3
NEU-86533-016,2019-06-03,96544-91644-IT,R-D-0.2,6
BYU-58154-603,2020-12-17,51971-70393-QM,E-D-0.5,4
EHJ-05910-257,2021-02-07,06812-11924-IK,R-D-1,6
EIL-44855-309,2021-03-15,59741-90220-OW,R-D-0.5,5
HCA-87224-420,2022-08-04,62682-27930-PD,E-M-0.5,5
ABO-29054-365,2019-01-19,00256-19905-YG,A-M-0.5,6
TKN-58485-031,2022-03-23,38890-22576-UI,R-D-1,2
RCK-04069-371,2021-10-07,94573-61802-PH,E-L-2.5,2
IRJ-67095-738,2019-03-20,86447-02699-UT,E-M-2.5,2
VEA-31961-977,2021-12-15,51432-27169-KN,E-D-0.5,3
BAF-42286-205,2022-06-08,43074-00987-PB,R-M-2.5,4
WOR-52762-511,2019-12-14,04739-85772-QT,E-L-2.5,6
ZWK-03995-815,2021-04-10,28279-78469-YW,E-M-2.5,2
CKF-43291-846,2020-03-10,91829-99544-DS,E-L-2.5,1
RMW-74160-339,2020-10-16,38978-59582-JP,R-L-2.5,4
FMT-94584-786,2019-10-08,86504-96610-BH,A-L-1,2
NWT-78222-575,2019-12-31,75986-98864-EZ,A-D-0.2,1
EOI-02511-919,2020-03-20,66776-88682-RG,E-L-0.2,5
EOI-02511-919,2020-03-20,66776-88682-RG,A-D-0.5,5
UCT-03935-589,2021-03-29,85851-78384-DM,R-D-0.5,6
SBI-60013-494,2021-11-12,55232-81621-BX,E-M-0.2,2
QRA-73277-814,2021-07-20,80310-92912-JA,A-L-0.5,4
EQE-31648-909,2019-01-18,19821-05175-WZ,E-D-0.5,5
QOO-24615-950,2019-08-07,01338-83217-GV,R-M-2.5,3
WDV-73864-037,2022-03-13,66044-25298-TA,L-M-0.5,5
PKR-88575-066,2022-05-17,28728-47861-TZ,E-L-0.2,1
BWR-85735-955,2019-12-14,32638-38620-AX,L-M-1,3
YFX-64795-136,2020-01-15,83163-65741-IH,L-M-2.5,1
DDO-71442-967,2019-04-12,89422-58281-FD,L-D-0.2,5
ILQ-11027-588,2020-03-29,76293-30918-DQ,E-D-1,6
KRZ-13868-122,2022-03-24,86779-84838-EJ,E-L-1,3
VRM-93594-914,2021-07-21,66806-41795-MX,E-D-0.5,5
HXL-22497-359,2019-08-06,64875-71224-UI,A-L-1,3
NOP-21394-646,2021-05-23,16982-35708-BZ,E-L-0.5,6
NOP-21394-646,2021-05-23,16982-35708-BZ,L-D-2.5,2
NOP-21394-646,2021-05-23,16982-35708-BZ,L-D-2.5,3
NOP-21394-646,2021-05-23,16982-35708-BZ,L-L-0.5,4
NOP-21394-646,2021-05-23,16982-35708-BZ,E-M-1,3
FTV-77095-168,2021-04-08,66708-26678-QK,L-L-0.5,6
BOR-02906-411,2021-10-17,08743-09057-OO,L-D-2.5,6
WMP-68847-770,2022-02-16,37490-01572-JW,L-L-0.2,1
TMO-22785-872,2020-07-15,01811-60350-CU,E-M-1,6
TJG-73587-353,2020-02-22,24766-58139-GT,R-D-0.2,3
OOU-61343-455,2021-01-15,90123-70970-NY,A-M-1,2
RMA-08327-369,2021-01-11,93809-05424-MG,A-M-0.5,6
SFB-97929-779,2022-04-08,85425-33494-HQ,E-D-0.5,4
AUP-10128-606,2020-10-01,54387-64897-XC,A-M-0.5,1
YTW-40242-005,2019-10-28,01035-70465-UO,L-D-1,4
PRP-53390-819,2021-03-28,84260-39432-ML,E-L-0.5,6
GSJ-01065-125,2020-03-31,69779-40609-RS,E-D-0.2,4
YQU-65147-580,2022-03-26,80247-70000-HT,R-D-2.5,1
QPM-95832-683,2019-11-06,35058-04550-VC,L-L-1,2
BNQ-88920-567,2019-12-30,27226-53717-SY,L-D-0.2,6
PUX-47906-110,2021-10-01,02002-98725-CH,L-M-1,4
COL-72079-610,2020-12-09,38487-01549-MV,E-L-0.5,4
LBC-45686-819,2021-05-01,98573-41811-EQ,A-M-1,5
BLQ-03709-265,2022-08-04,72463-75685-MV,R-L-0.2,3
BLQ-03709-265,2022-08-04,72463-75685-MV,R-M-0.2,5
VFZ-91673-181,2021-11-13,10225-91535-AI,A-L-1,6
WKD-81956-870,2020-09-16,48090-06534-HI,L-D-0.5,3
TNI-91067-006,2020-10-05,80444-58185-FX,E-L-1,4
IZA-61469-812,2020-01-06,13561-92774-WP,L-D-2.5,4
PSS-22466-862,2021-05-21,11550-78378-GE,R-L-0.2,4
REH-56504-397,2020-02-26,90961-35603-RP,A-M-2.5,5
ALA-62598-016,2020-02-19,57145-03803-ZL,R-D-0.2,6
EYE-70374-835,2021-06-29,89115-11966-VF,R-L-0.2,5
CCZ-19589-212,2021-03-27,05754-41702-FG,L-M-0.2,2
BPT-83989-157,2021-10-27,84269-49816-ML,A-M-2.5,2
YFH-87456-208,2019-06-12,23600-98432-ME,L-M-0.2,2
JLN-14700-924,2020-06-28,79058-02767-CP,L-L-0.2,5
JVW-22582-137,2021-03-23,89208-74646-UK,E-M-0.2,5
LAA-41879-001,2022-02-10,11408-81032-UR,L-L-2.5,1
BRV-64870-915,2019-04-16,32070-55528-UG,L-L-2.5,5
RGJ-12544-083,2020-02-12,48873-84433-PN,L-D-2.5,3
JJX-83339-346,2022-01-02,32928-18158-OW,R-L-0.2,1
BIU-21970-705,2020-12-07,89711-56688-GG,R-M-2.5,2
ELJ-87741-745,2020-02-20,48389-71976-JB,E-L-1,4
SGI-48226-857,2020-06-11,84033-80762-EQ,A-M-2.5,6
AHV-66988-037,2020-09-08,12743-00952-KO,R-M-2.5,2
ISK-42066-094,2020-03-28,41505-42181-EF,E-D-1,3
FTC-35822-530,2020-10-10,14307-87663-KB,E-D-0.5,4
VSS-56247-688,2022-05-21,08360-19442-GB,L-M-2.5,4
HVW-25584-144,2020-04-30,93405-51204-UW,L-L-0.2,5
MUY-15309-209,2021-12-12,97152-03355-IW,L-D-1,3
VAJ-44572-469,2020-10-27,79216-73157-TE,R-L-0.2,6
YJU-84377-606,2020-07-07,20259-47723-AC,A-D-1,1
VNC-93921-469,2020-01-31,04666-71569-RI,L-L-1,1
OGB-91614-810,2020-02-18,08909-77713-CG,R-M-0.2,1
BQI-61647-496,2021-06-13,84340-73931-VV,E-M-1,5
IOM-51636-823,2022-08-06,04609-95151-XH,A-D-1,3
GGD-38107-641,2021-11-23,99562-88650-YF,L-M-1,4
LTO-95975-728,2021-10-13,46560-73885-PJ,R-L-0.5,4
IGM-84664-265,2021-08-31,80179-44620-WN,R-L-0.5,3
SKO-45740-621,2020-01-16,04666-71569-RI,L-M-0.5,2
FOJ-02234-063,2022-04-25,59081-87231-VP,E-D-2.5,1
MSJ-11909-468,2021-11-13,07878-45872-CC,E-D-2.5,5
DKB-78053-329,2021-06-08,12444-05174-OO,R-M-0.2,2
DFZ-45083-941,2020-11-21,34665-62561-AU,R-L-2.5,1
OTA-40969-710,2019-03-14,77877-11993-QH,R-L-1,5
GRH-45571-667,2019-08-16,32291-18308-YZ,E-M-1,3
NXV-05302-067,2019-04-22,25754-33191-ZI,L-M-2.5,4
VZH-86274-142,2022-05-02,53120-45532-KL,R-L-1,5
KIX-93248-135,2020-02-11,36605-83052-WB,A-D-0.5,1
AXR-10962-010,2021-03-28,53683-35977-KI,E-D-1,2
IHS-71573-008,2021-05-08,07972-83134-NM,E-D-0.2,6
QTR-19001-114,2019-11-21,01035-70465-UO,A-D-1,2
WBK-62297-910,2021-05-17,25514-23938-IQ,A-D-0.2,2
OGY-19377-175,2019-07-09,49084-44492-OJ,E-D-0.5,1
ESR-66651-814,2020-05-20,76624-72205-CK,A-D-0.2,4
CPX-46916-770,2021-08-27,12729-50170-JE,R-L-1,6
MDC-03318-645,2022-04-30,43974-44760-QI,A-L-0.2,2
SFF-86059-407,2020-06-03,30585-48726-BK,A-M-2.5,1
SCL-94540-788,2022-06-13,16123-07017-TY,E-L-2.5,6
HVU-21634-076,2020-06-10,27723-45097-MH,R-L-2.5,4
XUS-73326-418,2020-12-18,37078-56703-AF,E-L-1,6
XWD-18933-006,2019-08-31,79420-11075-MY,A-L-0.2,2
HPD-65272-772,2019-02-25,57504-13456-UO,L-M-2.5,1
JEG-93140-224,2021-02-07,53751-57560-CN,E-M-0.5,5
NNH-62058-950,2021-01-14,96112-42558-EA,E-L-1,4
LTD-71429-845,2019-02-24,03157-23165-UB,A-L-0.5,1
MPV-26985-215,2019-06-23,51466-52850-AG,R-D-0.5,1
IYO-10245-081,2020-05-09,57145-31023-FK,E-M-2.5,3
BYZ-39669-954,2020-07-18,66408-53777-VE,L-L-2.5,1
EFB-72860-209,2019-10-17,53035-99701-WG,A-M-0.2,4
GMM-72397-378,2022-05-16,45899-92796-EI,R-L-0.2,4
LYP-52345-883,2021-03-24,17649-28133-PY,E-M-0.5,1
DFK-35846-692,2019-11-03,49612-33852-CN,R-D-0.2,5
XAH-93337-609,2021-10-28,66976-43829-YG,A-D-1,5
QKA-72582-644,2020-12-16,64852-04619-XZ,E-M-0.5,2
ZDK-84567-102,2021-11-29,58690-31815-VY,A-D-0.5,3
WAV-38301-984,2021-03-20,62863-81239-DT,A-D-0.5,5
KZR-33023-209,2022-04-08,21177-40725-CF,E-L-1,3
ULM-49433-003,2020-08-14,99421-80253-UI,E-M-1,2
SIB-83254-136,2019-05-12,45315-50206-DK,R-M-0.5,6
NOK-50349-551,2021-03-03,09595-95726-OV,R-D-0.5,3
YIS-96268-844,2020-02-11,60221-67036-TD,E-L-0.2,6
CXI-04933-855,2019-04-27,62923-29397-KX,E-L-2.5,6
IZU-90429-382,2022-03-26,33011-52383-BA,A-L-1,3
WIT-40912-783,2020-09-28,86768-91598-FA,L-D-0.2,4
PSD-57291-590,2019-10-24,37191-12203-MX,A-M-0.5,1
GOI-41472-677,2021-08-04,16545-76328-JY,E-D-2.5,4
KTX-17944-494,2019-12-29,74330-29286-RO,A-L-0.2,1
RDM-99811-230,2019-11-27,22349-47389-GY,L-M-0.2,5
JTU-55897-581,2020-02-29,70290-38099-GB,R-M-0.2,5
CRK-07584-240,2021-01-31,18741-72071-PP,A-M-1,3
MKE-75518-399,2022-06-17,62588-82624-II,A-M-1,3
AEL-51169-725,2020-02-03,37430-29579-HD,L-M-0.2,6
ZGM-83108-823,2022-01-25,84132-22322-QT,E-L-1,1
JBP-78754-392,2020-04-30,74330-29286-RO,E-M-2.5,6
RNH-54912-747,2021-05-01,37445-17791-NQ,R-M-0.5,1
JDS-33440-914,2021-10-28,58511-10548-ZU,R-M-1,3
SYX-48878-182,2021-08-29,47725-34771-FJ,R-D-1,5
ZGD-94763-868,2019-12-27,53086-67334-KT,E-L-2.5,1
CZY-70361-485,2019-06-25,83308-82257-UN,E-L-2.5,6
RJR-12175-899,2019-03-02,37274-08534-FM,E-D-0.5,3
ELB-07929-407,2022-01-02,54004-04664-AA,A-M-2.5,2
UJQ-54441-340,2019-07-30,26822-19510-SD,E-M-0.2,2
UJQ-54441-340,2019-07-30,26822-19510-SD,A-L-0.2,5
OWY-43108-475,2020-12-05,06432-73165-ML,A-M-0.2,6
GNO-91911-159,2020-12-17,96503-31833-CW,L-D-0.5,3
CNY-06284-066,2021-06-26,63985-64148-MG,E-D-0.2,5
OQS-46321-904,2019-07-20,19597-91185-CM,E-M-1,1
IBW-87442-480,2022-07-14,79814-23626-JR,A-L-2.5,1
DGZ-82537-477,2020-08-14,43439-94003-DW,R-D-1,5
LPS-39089-432,2019-04-24,97655-45555-LI,R-D-1,5
MQU-86100-929,2019-06-04,64418-01720-VW,L-L-0.5,4
XUR-14132-391,2022-08-08,96836-09258-RI,R-D-0.5,4
OVI-27064-381,2019-11-13,37274-08534-FM,R-D-0.5,3
SHP-17012-870,2020-06-07,69529-07533-CV,R-M-2.5,1
FDY-03414-903,2019-08-12,94840-49457-UD,A-D-0.5,3
WXT-85291-143,2019-09-04,81414-81273-DK,R-M-0.5,4
QNP-18893-547,2019-10-04,76930-61689-CH,R-L-1,5
DOH-92927-530,2020-02-24,12839-56537-TQ,L-L-0.2,6
HGJ-82768-173,2021-08-26,62741-01322-HU,A-M-1,4
YPT-95383-088,2021-10-03,43439-94003-DW,E-D-2.5,2
OYH-16533-767,2020-06-13,44932-34838-RM,E-L-1,4
DWW-28642-549,2021-03-01,91181-19412-RQ,E-D-0.2,2
CGO-79583-871,2019-03-04,37182-54930-XC,E-D-0.5,1
TFY-52090-386,2019-10-13,08613-17327-XT,E-L-0.5,2
TFY-52090-386,2019-10-13,08613-17327-XT,L-D-0.5,5
NYY-73968-094,2019-08-15,70451-38048-AH,R-D-0.5,6
QEY-71761-460,2021-11-29,35442-75769-PL,R-M-1,2
GKQ-82603-910,2020-01-19,83737-56117-JE,R-L-1,5
IOB-32673-745,2021-05-28,07095-81281-NJ,A-L-0.5,3
YAU-98893-150,2022-01-15,77043-48851-HG,L-M-1,3
XNM-14163-951,2019-12-04,78224-60622-KH,E-L-2.5,6
JPB-45297-000,2022-07-01,83105-86631-IU,R-L-0.2,4
MOU-74341-266,2019-05-07,99358-65399-TC,A-D-0.5,4
DHJ-87461-571,2020-08-23,94525-76037-JP,A-M-1,2
DKM-97676-850,2020-06-02,43439-94003-DW,E-D-0.5,5
UEB-09112-118,2020-01-30,82718-93677-XO,A-M-0.5,4
ORZ-67699-748,2020-02-15,44708-78241-DF,A-M-2.5,6
JXP-28398-485,2021-06-11,23039-93032-FN,A-D-2.5,5
WWH-92259-198,2022-03-11,35256-12529-FT,L-D-1,4
FLR-82914-153,2021-09-09,86100-33488-WP,A-M-2.5,6
AMB-93600-000,2019-05-14,64435-53100-WM,A-L-2.5,1
FEP-36895-658,2019-04-08,44699-43836-UH,R-L-0.2,6
RXW-91413-276,2020-08-15,29588-35679-RG,R-D-2.5,2
RXW-91413-276,2020-08-15,29588-35679-RG,R-M-0.5,1
SDB-77492-188,2022-05-05,64815-54078-HH,E-L-1,5
RZN-65182-395,2021-03-27,59572-41990-XY,L-M-1,6
HDQ-86094-507,2019-04-27,32481-61533-ZJ,E-D-1,6
YXO-79631-417,2021-09-25,31587-92570-HL,L-D-0.5,1
SNF-57032-096,2020-02-13,93832-04799-ID,E-D-0.5,6
DGL-29648-995,2021-07-16,59367-30821-ZQ,L-M-0.2,2
GPU-65651-504,2022-05-11,83947-45528-ET,E-M-2.5,2
OJU-34452-896,2019-02-04,60799-92593-CX,E-L-0.5,1
GZS-50547-887,2019-02-05,61600-55136-UM,E-D-1,2
ESR-54041-053,2022-05-24,59771-90302-OF,A-L-0.5,6
OGD-10781-526,2020-10-04,16880-78077-FB,R-L-0.5,6
FVH-29271-315,2022-06-30,74415-50873-FC,A-D-0.5,3
BNZ-20544-633,2020-10-21,31798-95707-NR,L-L-0.5,4
FUX-85791-078,2020-10-16,59122-08794-WT,A-M-0.2,2
YXP-20078-116,2020-09-23,37238-52421-JJ,R-M-0.5,1
VQV-59984-866,2019-03-08,48854-01899-FN,R-D-0.2,3
JEH-37276-048,2021-06-30,80896-38819-DW,A-L-0.5,3
VYD-28555-589,2019-08-13,29814-01459-RC,R-L-0.5,6
WUG-76466-650,2021-02-22,43439-94003-DW,L-D-0.5,3
RJV-08261-583,2022-03-26,48497-29281-FE,A-D-0.2,5
PMR-56062-609,2020-01-10,43605-12616-YH,E-D-0.5,3
XLD-12920-505,2019-05-01,21907-75962-VB,E-L-0.5,6
UBW-50312-037,2020-02-09,69503-12127-YD,A-L-2.5,4
QAW-05889-019,2021-12-29,68810-07329-EU,L-M-0.5,5
EPT-12715-397,2020-09-09,08478-75251-OG,A-D-0.2,6
DHT-93810-053,2021-09-16,17005-82030-EA,E-L-1,5
DMY-96037-963,2020-10-26,42179-95059-DO,L-D-0.2,3
MBM-55936-917,2019-03-12,55989-39849-WO,L-D-0.5,3
TPA-93614-840,2021-02-18,28932-49296-TM,E-D-0.5,2
WDM-77521-710,2020-10-29,86144-10144-CB,A-M-0.5,2
EIP-19142-462,2021-09-06,60973-72562-DQ,E-L-1,6
EIP-19142-462,2021-09-06,60973-72562-DQ,A-L-0.2,1
ZZL-76364-387,2020-09-09,11263-86515-VU,R-L-2.5,4
GMF-18638-786,2021-09-26,60004-62976-NI,L-D-0.5,6
TDJ-20844-787,2020-11-05,77876-28498-HI,A-L-0.5,5
BWK-39400-446,2019-09-12,61302-06948-EH,L-D-0.5,4
LCB-02099-995,2019-07-31,06757-96251-UH,A-D-0.2,6
UBA-43678-174,2019-03-15,44530-75983-OD,E-D-2.5,6
UDH-24280-432,2021-05-16,44865-58249-RY,L-L-1,4
IDQ-20193-502,2019-05-06,36021-61205-DF,L-M-0.2,2
DJG-14442-608,2019-02-06,75716-12782-SS,R-D-1,3
DWB-61381-370,2021-04-09,11812-00461-KH,L-L-0.2,2
FRD-17347-990,2020-05-20,46681-78850-ZW,A-D-1,4
YPP-27450-525,2020-12-02,01932-87052-KO,E-M-0.5,3
EFC-39577-424,2021-08-08,16046-34805-ZF,E-M-1,5
LAW-80062-016,2022-02-03,34546-70516-LR,E-M-0.5,6
WKL-27981-758,2022-04-08,73699-93557-FZ,A-M-2.5,2
VRT-39834-265,2021-01-07,86686-37462-CK,L-L-1,3
QTC-71005-730,2021-09-02,14298-02150-KH,A-L-0.2,4
TNX-09857-717,2021-11-04,48675-07824-HJ,L-M-1,6
JZV-43874-185,2021-08-02,18551-80943-YQ,A-M-1,5
ICF-17486-106,2020-01-27,19196-09748-DB,L-L-2.5,1
BMK-49520-383,2019-12-03,72233-08665-IP,R-L-0.2,3
HTS-15020-632,2019-08-06,53817-13148-RK,R-M-0.2,3
YLE-18247-749,2020-03-11,92227-49331-QR,A-L-0.5,3
KJJ-12573-591,2021-09-18,12997-41076-FQ,A-L-2.5,1
RGU-43561-950,2020-11-07,44220-00348-MB,A-L-2.5,5
JSN-73975-443,2022-06-27,93047-98331-DD,L-M-0.5,1
WNR-71736-993,2020-02-05,16880-78077-FB,L-D-0.5,4
WNR-71736-993,2020-02-05,16880-78077-FB,A-D-2.5,6
HNI-91338-546,2020-02-07,67285-75317-XI,A-D-0.5,5
CYH-53243-218,2020-12-18,88167-57964-PH,R-M-0.5,3
SVD-75407-177,2021-08-23,16106-36039-QS,E-L-0.5,3
NVN-66443-451,2021-08-20,98921-82417-GN,R-D-1,2
JUA-13580-095,2019-04-01,55265-75151-AK,R-L-0.2,4
ACY-56225-839,2021-01-28,47386-50743-FG,A-M-2.5,3
QBB-07903-622,2019-10-21,32622-54551-UC,R-L-1,5
JLJ-81802-619,2021-06-20,16880-78077-FB,A-L-1,6
HFT-77191-168,2021-11-04,48419-02347-XP,R-D-0.2,2
SZR-35951-530,2021-04-05,14121-20527-OJ,E-D-2.5,3
IKL-95976-565,2019-12-09,53486-73919-BQ,A-M-1,2
XEY-48929-474,2022-01-02,21889-94615-WT,L-M-2.5,6
SQT-07286-736,2019-12-08,87726-16941-QW,A-M-1,6
QDU-45390-361,2021-11-28,03677-09134-BC,E-M-0.5,1
RUJ-30649-712,2022-03-11,93224-71517-WV,L-L-0.2,2
WSV-49732-075,2021-01-17,76263-95145-GJ,L-D-2.5,1
VJF-46305-323,2019-01-18,68555-89840-GZ,L-D-0.5,2
CXD-74176-600,2019-04-07,70624-19112-AO,E-L-0.5,4
ADX-50674-975,2021-02-03,58916-61837-QH,A-M-2.5,4
RRP-51647-420,2019-04-18,89292-52335-YZ,E-D-1,3
PKJ-99134-523,2021-07-07,77284-34297-YY,R-L-0.5,5
FZQ-29439-457,2021-02-23,50449-80974-BZ,E-L-0.2,5
USN-68115-161,2021-08-10,08120-16183-AW,E-M-0.2,6
IXU-20263-532,2019-11-15,68044-89277-ML,L-M-2.5,2
CBT-15092-420,2019-12-17,71364-35210-HS,L-M-0.5,1
PKQ-46841-696,2020-03-18,37177-68797-ON,R-M-0.5,3
XDU-05471-219,2022-06-06,60308-06944-GS,R-L-0.5,1
NID-20149-329,2021-05-20,49888-39458-PF,R-D-0.2,2
SVU-27222-213,2021-01-11,60748-46813-DZ,L-L-0.2,5
RWI-84131-848,2019-02-22,16385-11286-NX,R-D-2.5,2
GUU-40666-525,2021-11-24,68555-89840-GZ,A-L-0.2,3
SCN-51395-066,2022-01-18,72164-90254-EJ,L-L-0.5,4
ULA-24644-321,2021-08-13,67010-92988-CT,R-D-2.5,4
EOL-92666-762,2020-01-11,15776-91507-GT,L-L-0.2,2
AJV-18231-334,2020-07-05,23473-41001-CD,R-D-2.5,2
ZQI-47236-301,2019-07-25,23446-47798-ID,L-L-0.5,5
ZCR-15721-658,2022-05-26,28327-84469-ND,A-M-1,4
QEW-47945-682,2020-01-10,42466-87067-DT,L-L-0.2,5
PSY-45485-542,2019-05-17,62246-99443-HF,R-D-0.5,3
BAQ-74241-156,2020-07-24,99869-55718-UU,R-D-0.2,4
BVU-77367-451,2020-10-20,77421-46059-RY,A-D-1,5
TJE-91516-344,2019-09-22,49894-06550-OQ,E-M-1,2
LIS-96202-702,2020-06-07,72028-63343-SU,L-D-2.5,4
VIO-27668-766,2019-12-15,10074-20104-NN,R-D-2.5,1
ZVG-20473-043,2020-12-06,71769-10219-IM,A-D-0.2,3
KGZ-56395-231,2021-12-06,22221-71106-JD,A-D-0.5,1
CUU-92244-729,2020-07-11,99735-44927-OL,E-M-1,3
EHE-94714-312,2021-06-28,27132-68907-RC,E-L-0.2,5
RTL-16205-161,2022-04-05,90440-62727-HI,A-M-0.5,1
GTS-22482-014,2022-03-24,36769-16558-SX,L-M-2.5,4
DYG-25473-881,2020-02-08,10138-31681-SD,A-D-0.2,2
HTR-21838-286,2022-02-11,24669-76297-SF,A-L-1,2
KYG-28296-920,2020-07-02,78050-20355-DI,E-M-2.5,1
NNB-20459-430,2022-07-25,79825-17822-UH,L-M-0.2,2
FEK-14025-351,2021-03-19,03990-21586-MQ,E-L-0.2,6
AWH-16980-469,2020-05-11,27493-46921-TZ,L-M-0.2,6
ZPW-31329-741,2019-06-08,27132-68907-RC,R-D-1,6
ZPW-31329-741,2019-06-08,27132-68907-RC,E-M-2.5,4
ZPW-31329-741,2019-06-08,27132-68907-RC,E-M-0.2,1
UBI-83843-396,2019-10-09,58816-74064-TF,R-L-1,2
VID-40587-569,2021-02-20,09818-59895-EH,E-D-2.5,5
KBB-52530-416,2019-11-21,06488-46303-IZ,L-D-2.5,2
ISJ-48676-420,2021-10-10,93046-67561-AY,L-L-0.5,6
MIF-17920-768,2021-08-05,68946-40750-LK,R-L-0.2,6
CPX-19312-088,2020-07-31,38387-64959-WW,L-M-0.5,6
RXI-67978-260,2020-09-19,48418-60841-CC,E-D-1,6
LKE-14821-285,2020-05-03,13736-92418-JS,R-M-0.2,5
LRK-97117-150,2019-07-08,33000-22405-LO,L-L-1,6
IGK-51227-573,2019-10-26,46959-60474-LT,L-D-0.5,2
ZAY-43009-775,2020-09-27,73431-39823-UP,L-D-0.2,6
EMA-63190-618,2022-02-28,90993-98984-JK,E-M-0.2,1
FBI-35855-418,2020-09-16,06552-04430-AG,R-M-0.5,6
TXB-80533-417,2020-10-28,54597-57004-QM,L-L-1,2
MBM-00112-248,2019-09-02,50238-24377-ZS,L-L-1,5
EUO-69145-988,2021-08-30,60370-41934-IF,E-D-0.2,3
GYA-80327-368,2021-06-04,06899-54551-EH,A-D-1,4
TNW-41601-420,2020-11-24,66458-91190-YC,R-M-1,5
ALR-62963-723,2020-06-21,80463-43913-WZ,R-D-0.2,3
JIG-27636-870,2020-07-13,67204-04870-LG,R-L-1,4
CTE-31437-326,2019-01-02,22721-63196-UJ,R-M-0.2,4
CTE-31437-326,2019-01-02,22721-63196-UJ,E-M-0.2,4
CTE-31437-326,2019-01-02,22721-63196-UJ,L-D-1,4
CTE-31437-326,2019-01-02,22721-63196-UJ,L-L-0.2,3
SLD-63003-334,2022-02-17,55515-37571-RS,L-M-0.2,6
BXN-64230-789,2020-12-19,25598-77476-CB,A-L-1,2
XEE-37895-169,2019-02-20,14888-85625-TM,A-L-2.5,3
ZTX-80764-911,2021-01-14,92793-68332-NR,L-D-0.5,6
WVT-88135-549,2019-11-16,66458-91190-YC,A-D-1,3
IPA-94170-889,2019-12-04,64439-27325-LG,R-L-0.2,3
YQL-63755-365,2020-07-31,78570-76770-LB,A-M-0.2,4
RKW-81145-984,2019-03-11,98661-69719-VI,L-L-1,3
MBT-23379-866,2022-05-10,82990-92703-IX,L-L-1,5
GEJ-39834-935,2021-12-25,49412-86877-VY,L-M-0.2,6
KRW-91640-596,2022-04-22,70879-00984-FJ,R-L-0.5,3
AOT-70449-651,2022-06-11,53414-73391-CR,R-D-2.5,5
DGC-21813-731,2022-04-27,43606-83072-OA,L-D-0.2,2
JBE-92943-643,2020-12-29,84466-22864-CE,E-D-2.5,5
ZIL-34948-499,2020-07-14,66458-91190-YC,A-D-0.5,2
JSU-23781-256,2021-09-07,76499-89100-JQ,L-D-0.2,1
JSU-23781-256,2021-09-07,76499-89100-JQ,R-M-1,4
VPX-44956-367,2019-06-09,39582-35773-ZJ,R-M-0.5,5
VTB-46451-959,2020-10-25,66240-46962-IO,L-D-2.5,1
DNZ-11665-950,2021-02-28,10637-45522-ID,L-L-2.5,2
ITR-54735-364,2020-07-26,92599-58687-CS,R-D-0.2,5
YDS-02797-307,2022-06-05,06058-48844-PI,E-M-2.5,4
BPG-68988-842,2019-02-21,53631-24432-SY,E-M-0.5,5
XZG-51938-658,2020-04-05,18275-73980-KL,E-L-0.5,6
KAR-24978-271,2019-01-10,23187-65750-HZ,R-M-1,6
FQK-28730-361,2022-04-12,22725-79522-GP,R-M-1,6
BGB-67996-089,2022-01-30,06279-72603-JE,R-D-1,5
XMC-20620-809,2021-05-14,83543-79246-ON,E-M-0.5,2
ZSO-58292-191,2022-06-12,66794-66795-VW,R-D-0.5,4
LWJ-06793-303,2022-01-02,95424-67020-AP,R-M-2.5,2
FLM-82229-989,2022-01-24,73017-69644-MS,L-L-0.2,2
CPV-90280-133,2019-03-20,66458-91190-YC,R-D-0.2,3
OGW-60685-912,2020-11-21,67423-10113-LM,E-D-2.5,4
DEC-11160-362,2021-10-13,48582-05061-RY,R-D-0.2,4
WCT-07869-499,2021-10-19,32031-49093-KE,R-D-0.5,5
FHD-89872-325,2019-04-29,31715-98714-OO,L-L-1,4
AZF-45991-584,2019-10-12,73759-17258-KA,A-D-2.5,1
MDG-14481-513,2021-05-19,64897-79178-MH,A-M-2.5,4
OFN-49424-848,2021-07-03,73346-85564-JB,R-L-2.5,2
NFA-03411-746,2020-02-08,07476-13102-NJ,A-L-0.5,2
CYM-74988-450,2020-10-16,87223-37422-SK,L-D-0.2,4
WTV-24996-658,2020-10-23,57837-15577-YK,E-D-2.5,3
DSL-69915-544,2021-03-10,10142-55267-YO,R-L-0.2,3
NBT-35757-542,2021-07-07,73647-66148-VM,E-L-0.2,3
OYU-25085-528,2021-02-05,10142-55267-YO,E-L-0.2,4
XCG-07109-195,2020-12-11,92976-19453-DT,L-D-0.2,6
YZA-25234-630,2022-05-13,89757-51438-HX,E-D-0.2,2
OKU-29966-417,2019-10-23,76192-13390-HZ,E-L-0.2,4
MEX-29350-659,2020-09-11,02009-87294-SY,E-M-1,5
NOY-99738-977,2019-09-29,82872-34456-LJ,R-L-2.5,2
TCR-01064-030,2021-03-03,13181-04387-LI,E-M-1,6
YUL-42750-776,2021-11-23,24845-36117-TI,L-M-0.2,2
XQJ-86887-506,2021-11-06,66458-91190-YC,E-L-1,4
CUN-90044-279,2021-01-29,86646-65810-TD,L-D-0.2,4
ICC-73030-502,2022-04-16,59480-02795-IU,A-L-1,3
ADP-04506-084,2021-07-24,61809-87758-LJ,E-M-2.5,6
PNU-22150-408,2019-08-11,77408-43873-RS,A-D-0.2,6
VSQ-07182-513,2019-07-23,18366-65239-WF,L-L-0.2,6
SPF-31673-217,2020-06-09,19485-98072-PS,E-M-1,6
NEX-63825-598,2020-02-22,72072-33025-SD,R-L-0.5,2
XPG-66112-335,2020-07-19,58118-22461-GC,R-D-2.5,4
NSQ-72210-345,2021-09-20,90940-63327-DJ,A-M-0.2,6
XRR-28376-277,2021-05-02,64481-42546-II,R-L-2.5,6
WHQ-25197-475,2021-11-26,27536-28463-NJ,L-L-0.2,4
HMB-30634-745,2020-02-18,19485-98072-PS,A-D-2.5,6
XTL-68000-371,2020-04-07,70140-82812-KD,A-M-0.5,4
YES-51109-625,2022-01-31,91895-55605-LS,E-L-0.5,4
EAY-89850-211,2019-02-19,43155-71724-XP,A-D-0.2,2
IOQ-84840-827,2019-11-12,32038-81174-JF,A-M-1,6
FBD-56220-430,2022-05-16,59205-20324-NB,R-L-0.2,6
COV-52659-202,2021-02-12,99899-54612-NX,L-M-2.5,2
YUO-76652-814,2021-04-04,26248-84194-FI,A-D-0.2,6
PBT-36926-102,2021-08-02,19485-98072-PS,L-M-1,4
BLV-60087-454,2022-06-08,84493-71314-WX,E-L-0.2,3
BLV-60087-454,2022-06-08,84493-71314-WX,A-M-0.5,5
QYC-63914-195,2020-05-14,39789-43945-IV,E-L-1,3
OIB-77163-890,2020-12-25,38972-89678-ZM,E-L-0.5,5
SGS-87525-238,2021-07-05,91465-84526-IJ,E-D-1,5
GQR-12490-152,2019-03-14,22832-98538-RB,R-L-0.2,1
UOJ-28238-299,2021-03-07,30844-91890-ZA,R-L-0.2,6
ETD-58130-674,2021-11-05,05325-97750-WP,E-M-0.5,2
UPF-60123-025,2020-02-06,88992-49081-AT,R-L-2.5,3
NQS-01613-687,2021-03-12,10204-31464-SA,L-D-0.5,1
MGH-36050-573,2020-08-03,75156-80911-YT,R-M-0.5,2
UVF-59322-459,2019-07-25,53971-49906-PZ,E-L-2.5,6
VET-41158-896,2020-04-29,10728-17633-ST,E-M-2.5,2
XYL-52196-459,2019-05-02,13549-65017-VE,R-D-0.2,3
BPZ-51283-916,2021-08-29,87688-42420-TO,A-M-2.5,2
VQW-91903-926,2020-03-13,05325-97750-WP,E-D-2.5,1
OLF-77983-457,2019-02-16,51901-35210-UI,A-L-2.5,2
MVI-04946-827,2021-11-27,62483-50867-OM,E-L-1,1
UOG-94188-104,2021-11-23,92753-50029-SD,A-M-0.5,5
DSN-15872-519,2021-12-02,53809-98498-SN,L-L-2.5,4
OUQ-73954-002,2019-01-06,66308-13503-KD,R-M-0.2,4
LGL-16843-667,2021-05-05,82458-87830-JE,A-D-0.2,4
TCC-89722-031,2021-10-23,41611-34336-WT,L-D-0.5,1
TRA-79507-007,2019-12-16,70089-27418-UJ,R-L-2.5,4
MZJ-77284-941,2019-05-18,99978-56910-BN,E-L-0.2,5
AXN-57779-891,2019-07-14,09668-23340-IC,R-M-0.2,3
PJB-15659-994,2020-11-13,39457-62611-YK,L-D-2.5,4
LTS-03470-353,2020-07-16,90985-89807-RW,A-L-2.5,5
UMM-28497-689,2020-11-03,05325-97750-WP,L-L-2.5,3
MJZ-93232-402,2022-03-20,17816-67941-ZS,E-D-0.2,1
UHW-74617-126,2022-02-16,90816-65619-LM,E-D-2.5,2
RIK-61730-794,2020-11-12,69761-61146-KD,L-M-0.2,6
IDJ-55379-750,2019-10-05,24040-20817-QB,R-M-1,4
OHX-11953-965,2019-10-01,19524-21432-XP,E-L-2.5,2
TVV-42245-088,2020-03-06,14398-43114-RV,A-M-0.2,4
DYP-74337-787,2019-10-23,41486-52502-QQ,R-M-0.5,1
OKA-93124-100,2020-04-23,05325-97750-WP,R-M-0.5,5
IXW-20780-268,2020-06-24,20236-64364-QL,L-L-2.5,2
NGG-24006-937,2021-03-16,29102-40100-TZ,E-M-2.5,4
JZC-31180-557,2020-04-07,09171-42203-EB,L-M-2.5,1
ZMU-63715-204,2021-09-30,29060-75856-UI,E-D-1,6
GND-08192-056,2022-05-01,17088-16989-PL,L-D-0.5,2
RYY-38961-093,2021-01-21,14756-18321-CL,A-M-0.2,6
CVA-64996-969,2020-06-24,13324-78688-MI,A-L-1,6
XTH-67276-442,2019-03-03,73799-04749-BM,L-M-2.5,4
PVU-02950-470,2021-01-28,01927-46702-YT,E-D-1,1
XSN-26809-910,2020-06-28,80467-17137-TO,E-M-2.5,2
UDN-88321-005,2020-07-05,14640-87215-BK,R-L-0.5,5
EXP-21628-670,2019-03-02,94447-35885-HK,A-M-2.5,3
VGM-24161-361,2022-05-01,71034-49694-CS,E-M-2.5,2
PKN-19556-918,2022-04-29,00445-42781-KX,E-L-0.2,6
PKN-19556-918,2022-04-29,00445-42781-KX,L-D-0.5,4
PKN-19556-918,2022-04-29,00445-42781-KX,A-D-0.2,1
PKN-19556-918,2022-04-29,00445-42781-KX,R-D-2.5,5
DXQ-44537-297,2020-08-06,96116-24737-LV,E-L-0.5,4
BPC-54727-307,2019-12-21,18684-73088-YL,R-L-1,4
KSH-47717-456,2020-04-19,74671-55639-TU,L-M-1,3
ANK-59436-446,2022-01-17,17488-65879-XL,E-L-0.5,4
AYY-83051-752,2019-01-22,46431-09298-OU,L-L-1,6
CSW-59644-267,2020-02-28,60378-26473-FE,E-M-2.5,1
ITY-92466-909,2019-08-07,34927-68586-ZV,A-M-2.5,3
IGW-04801-466,2021-05-15,29051-27555-GD,L-D-0.2,1
LJN-34281-921,2021-12-17,52143-35672-JF,R-L-2.5,5
BWZ-46364-547,2021-09-09,64918-67725-MN,R-L-1,3
SBC-95710-706,2020-02-19,85634-61759-ND,E-M-0.2,2
WRN-55114-031,2020-06-29,40180-22940-QB,E-L-2.5,3
TZU-64255-831,2022-05-13,34666-76738-SQ,R-D-2.5,2
JVF-91003-729,2020-10-02,98536-88616-FF,A-D-2.5,3
MVB-22135-665,2021-12-02,55621-06130-SA,A-D-1,1
CKS-47815-571,2021-11-02,45666-86771-EH,L-L-0.5,3
OAW-17338-101,2020-02-23,52143-35672-JF,R-D-0.2,6
ALP-37623-536,2020-07-03,24689-69376-XX,L-L-1,6
WMU-87639-108,2019-02-11,71891-51101-VQ,R-D-0.5,1
USN-44968-231,2020-09-10,71749-05400-CN,R-L-1,4
YZG-20575-451,2020-03-02,64845-00270-NO,L-L-1,4
HTH-52867-812,2021-06-28,29851-36402-UX,A-M-2.5,4
FWU-44971-444,2019-01-11,12190-25421-WM,A-D-2.5,3
EQI-82205-066,2019-09-20,52316-30571-GD,R-M-2.5,2
NAR-00747-074,2021-10-16,23243-92649-RY,L-D-1,4
JYR-22052-185,2020-01-01,39528-19971-OR,A-M-0.5,2
XKO-54097-932,2022-03-10,32743-78448-KT,E-M-0.5,3
HXA-72415-025,2022-05-12,93417-12322-YB,A-D-2.5,2
MJF-20065-335,2020-09-10,56891-86662-UY,E-L-0.5,6
GFI-83300-059,2021-10-16,40414-26467-VE,A-M-0.2,6
WJR-51493-682,2021-06-17,87858-83734-RK,L-D-2.5,5
SHP-55648-472,2019-03-30,46818-20198-GB,A-M-1,6
HYR-03455-684,2021-12-19,29808-89098-XD,E-D-1,6
HYR-03455-684,2021-12-19,29808-89098-XD,L-D-0.2,2
HUG-52766-375,2020-06-05,78786-77449-RQ,A-D-2.5,4
DAH-46595-917,2021-09-12,27878-42224-QF,A-D-1,6
VEM-79839-466,2022-03-16,32743-78448-KT,R-L-2.5,5
OWH-11126-533,2021-12-21,25331-13794-SB,L-M-2.5,2
UMT-26130-151,2019-05-21,55864-37682-GQ,L-M-0.2,3
JKA-27899-806,2021-10-26,97005-25609-CQ,R-L-1,5
ULU-07744-724,2020-03-26,94058-95794-IJ,L-M-0.5,5
NOM-56457-507,2020-10-14,40214-03678-GU,E-M-1,6
NZN-71683-705,2021-12-13,04921-85445-SL,A-L-2.5,6
WMA-34232-850,2021-03-08,53386-94266-LJ,L-D-2.5,4
EZL-27919-704,2021-01-21,49480-85909-DG,L-L-0.5,5
ZYU-11345-774,2021-01-10,18293-78136-MN,L-M-0.5,5
CPW-34587-459,2021-03-26,84641-67384-TD,A-L-2.5,6
NQZ-82067-394,2022-03-25,72320-29738-EB,R-L-2.5,1
JBW-95055-851,2021-07-22,47355-97488-XS,A-M-1,5
AHY-20324-088,2020-09-06,63499-24884-PP,L-L-0.2,2
ZSL-66684-103,2019-12-28,39193-51770-FM,E-M-0.2,2
WNE-73911-475,2020-04-20,61323-91967-GG,L-D-0.5,6
EZB-68383-559,2019-02-21,90123-01967-KS,R-L-1,6
OVO-01283-090,2022-03-17,15958-25089-OS,L-L-2.5,2
TXH-78646-919,2021-05-14,98430-37820-UV,R-D-0.2,3
CYZ-37122-164,2019-01-06,21798-04171-XC,E-M-0.5,2
AGQ-06534-750,2019-04-24,52798-46508-HP,A-L-1,5
QVL-32245-818,2021-05-30,46478-42970-EM,A-M-0.5,5
LTD-96842-834,2022-07-12,00246-15080-LE,L-D-2.5,6
SEC-91807-425,2021-01-31,94091-86957-HX,A-M-1,2
MHM-44857-599,2019-09-12,26295-44907-DK,L-D-1,1
KGC-95046-911,2020-06-30,95351-96177-QV,A-M-2.5,2
RZC-75150-413,2020-03-25,92204-96636-BS,E-D-0.5,5
EYH-88288-452,2021-04-14,03010-30348-UA,L-L-2.5,5
NYQ-24237-772,2019-08-16,13441-34686-SW,L-D-0.5,4
WKB-21680-566,2021-12-17,96612-41722-VJ,A-M-0.5,3
THE-61147-027,2019-12-31,94091-86957-HX,L-D-1,2
PTY-86420-119,2021-04-12,25504-41681-WA,A-D-0.5,4
QHL-27188-431,2019-09-28,75443-07820-DZ,L-L-0.5,2
MIS-54381-047,2022-06-15,39276-95489-XV,A-D-0.5,5
TBB-29780-459,2019-07-15,61437-83623-PZ,A-L-0.5,1
QLC-52637-305,2019-02-10,34317-87258-HQ,L-D-2.5,4
CWT-27056-328,2022-06-04,18570-80998-ZS,E-D-0.2,6
ASS-05878-128,2020-10-10,66580-33745-OQ,E-L-0.5,2
EGK-03027-418,2021-06-06,19820-29285-FD,E-M-0.2,3
KCY-61732-849,2019-03-16,11349-55147-SN,L-D-1,2
BLI-21697-702,2019-12-05,21141-12455-VB,A-M-0.5,2
KFJ-46568-890,2019-01-20,71003-85639-HB,E-L-0.5,2
SOK-43535-680,2022-04-04,58443-95866-YO,E-M-0.5,3
XUE-87260-201,2022-02-08,89646-21249-OH,R-M-0.2,6
CZF-40873-691,2019-06-30,64988-20636-XQ,E-M-0.5,2
AIA-98989-755,2020-05-09,34704-83143-KS,R-M-0.2,1
ITZ-21793-986,2021-06-11,67388-17544-XX,E-D-0.2,4
YOK-93322-608,2021-11-04,69411-48470-ID,E-L-1,6
LXK-00634-611,2022-02-20,94091-86957-HX,R-L-1,3
CQW-37388-302,2019-07-03,97741-98924-KT,A-D-2.5,3
SPA-79365-334,2021-06-01,79857-78167-KO,L-D-1,3
VPX-08817-517,2020-11-15,46963-10322-ZA,L-L-1,5
PBP-87115-410,2021-01-19,93812-74772-MV,E-D-0.5,5
SFB-93752-440,2021-10-10,48203-23480-UB,R-M-0.2,3
TBU-65158-068,2022-02-28,60357-65386-RD,E-D-1,2
TEH-08414-216,2021-10-01,35099-13971-JI,E-M-2.5,2
MAY-77231-536,2020-09-02,01304-59807-OB,A-M-0.2,2
ATY-28980-884,2020-07-31,50705-17295-NK,A-L-0.2,6
SWP-88281-918,2022-01-10,77657-61366-FY,L-L-2.5,4
VCE-56531-986,2021-03-09,57192-13428-PL,R-M-0.5,5
FVV-75700-005,2020-11-20,24891-77957-LU,E-D-0.5,3
CFZ-53492-600,2022-03-14,64896-18468-BT,L-M-0.2,1
LDK-71031-121,2019-01-10,84761-40784-SV,L-L-2.5,1
EBA-82404-343,2021-01-26,20236-42322-CM,L-D-0.2,4
USA-42811-560,2021-04-26,49671-11547-WG,E-L-0.2,2
SNL-83703-516,2022-01-04,57976-33535-WK,L-M-2.5,3
SUZ-83036-175,2019-08-20,55915-19477-MK,R-D-0.2,5
RGM-01187-513,2022-07-15,28121-11641-UA,E-D-0.2,6
CZG-01299-952,2019-02-12,09540-70637-EV,L-D-1,2
KLD-88731-484,2021-09-08,17775-77072-PP,A-M-1,5
BQK-38412-229,2019-12-13,90392-73338-BC,R-L-0.2,3
TCX-76953-071,2021-08-25,94091-86957-HX,E-D-0.2,5
LIN-88046-551,2022-03-23,10725-45724-CO,R-L-0.5,4
PMV-54491-220,2019-04-11,87242-18006-IR,L-M-0.2,2
SKA-73676-005,2020-10-29,36572-91896-PP,L-M-1,4
TKH-62197-239,2020-07-30,25181-97933-UX,A-D-0.5,3
YXF-57218-272,2019-03-15,55374-03175-IA,R-M-0.2,6
PKJ-30083-501,2021-12-27,76948-43532-JS,E-D-0.5,2
WTT-91832-645,2019-10-03,24344-88599-PP,A-M-1,3
TRZ-94735-865,2019-02-05,54462-58311-YF,L-M-0.5,4
UDB-09651-780,2020-08-31,90767-92589-LV,E-D-0.5,2
EHJ-82097-549,2021-01-13,27517-43747-YD,R-D-0.2,2
ZFR-79447-696,2021-03-22,77828-66867-KH,R-M-0.5,1
NUU-03893-975,2020-01-17,41054-59693-XE,L-L-0.5,2
GVG-59542-307,2019-07-02,26314-66792-VP,E-M-1,2
YLY-35287-172,2022-05-23,69410-04668-MA,A-D-0.5,5
DCI-96254-548,2022-06-14,94091-86957-HX,A-D-0.2,6
KHZ-26264-253,2021-07-20,24972-55878-KX,L-L-0.2,6
AAQ-13644-699,2022-06-03,46296-42617-OQ,R-D-1,4
LWL-68108-794,2020-05-26,44494-89923-UW,A-D-0.5,3
JQT-14347-517,2019-07-26,11621-09964-ID,R-D-1,1
BMM-86471-923,2020-10-22,76319-80715-II,L-D-2.5,1
IXU-67272-326,2020-12-24,91654-79216-IC,E-L-0.5,5
ITE-28312-615,2019-09-06,56450-21890-HK,E-L-1,6
ZHQ-30471-635,2019-04-08,40600-58915-WZ,L-M-0.5,5
LTP-31133-134,2022-01-26,66527-94478-PB,A-L-0.5,3
ZVQ-26122-859,2019-11-28,77154-45038-IH,A-L-2.5,6
MIU-01481-194,2019-07-21,08439-55669-AI,R-M-1,6
MIU-01481-194,2019-07-21,08439-55669-AI,A-L-0.5,2
UEA-72681-629,2021-03-12,24972-55878-KX,A-L-2.5,3
CVE-15042-481,2022-01-01,24972-55878-KX,R-L-1,2
EJA-79176-833,2020-03-22,91509-62250-GN,R-M-2.5,6
AHQ-40440-522,2020-09-18,83833-46106-ZC,A-D-1,1
TID-21626-411,2019-01-03,19383-33606-PW,R-L-0.5,3
RSR-96390-187,2021-09-29,67052-76184-CB,E-M-1,6
BZE-96093-118,2021-10-19,43452-18035-DH,L-M-0.2,2
LOU-41819-242,2022-07-14,88060-50676-MV,R-M-1,2
FND-99527-640,2021-07-19,89574-96203-EP,E-L-0.5,2
ASG-27179-958,2021-12-10,12607-75113-UV,A-M-0.5,3
YKX-23510-272,2019-03-17,56991-05510-PR,A-L-2.5,2
FSA-98650-921,2020-02-28,01841-48191-NL,L-L-0.5,2
ZUR-55774-294,2020-06-03,33269-10023-CO,L-D-1,6
FUO-99821-974,2020-02-22,31245-81098-PJ,E-M-1,3
YVH-19865-819,2019-11-09,08946-56610-IH,L-L-2.5,4
NNF-47422-501,2020-03-07,20260-32948-EB,E-L-0.2,6
RJI-71409-490,2021-04-26,31613-41626-KX,L-M-0.5,5
UZL-46108-213,2021-11-11,75961-20170-RD,L-L-1,2
AOX-44467-109,2021-06-15,72524-06410-KD,A-D-2.5,1
TZD-67261-174,2020-02-27,01841-48191-NL,E-D-2.5,1
TBU-64277-625,2021-04-19,98918-34330-GY,E-M-1,6
TYP-85767-944,2022-07-29,51497-50894-WU,R-M-2.5,2
GTT-73214-334,2019-01-20,98636-90072-YE,A-L-1,6
WAI-89905-069,2022-02-21,47011-57815-HJ,A-L-0.5,3
OJL-96844-459,2020-05-03,61253-98356-VD,L-L-0.2,5
VGI-33205-360,2019-03-21,96762-10814-DA,L-M-0.5,6
PCA-14081-576,2019-06-13,63112-10870-LC,R-L-0.2,5
SCS-67069-962,2020-06-05,21403-49423-PD,A-L-2.5,5
BDM-03174-485,2019-03-16,29581-13303-VB,R-L-0.5,4
UJV-32333-364,2021-12-03,86110-83695-YS,L-L-0.5,1
FLI-11493-954,2022-07-09,80454-42225-FT,A-L-0.5,4
IWL-13117-537,2020-04-29,29129-60664-KO,R-D-0.2,3
OAM-76916-748,2022-01-27,63025-62939-AN,E-D-1,3
UMB-11223-710,2021-02-13,49012-12987-QT,R-D-0.2,6
LXR-09892-726,2020-07-13,50924-94200-SQ,R-D-2.5,2
QXX-89943-393,2020-03-12,15673-18812-IU,R-D-0.2,4
WVS-57822-366,2020-05-04,52151-75971-YY,E-M-2.5,4
CLJ-23403-689,2021-04-03,19413-02045-CG,R-L-1,2
XNU-83276-288,2022-06-01,98185-92775-KT,R-M-0.5,1
YOG-94666-679,2021-02-14,86991-53901-AT,L-D-0.2,2
KHG-33953-115,2021-12-13,78226-97287-JI,L-D-0.5,3
MHD-95615-696,2020-02-07,27930-59250-JT,R-L-2.5,5
HBH-64794-080,2021-02-08,40560-18556-YE,R-D-0.2,3
CNJ-56058-223,2020-08-11,40780-22081-LX,L-L-0.5,3
KHO-27106-786,2020-10-10,01603-43789-TN,A-M-1,6
KHO-27106-786,2020-10-10,01603-43789-TN,L-D-2.5,6
YAC-50329-982,2020-12-08,75419-92838-TI,E-M-2.5,1
VVL-95291-039,2019-04-18,96516-97464-MF,E-L-0.2,2
VUT-20974-364,2021-01-04,90285-56295-PO,R-M-0.5,6
SFC-34054-213,2019-03-10,08100-71102-HQ,L-L-0.5,4
UDS-04807-593,2019-11-29,84074-28110-OV,L-D-0.5,2
FWE-98471-488,2022-07-19,27930-59250-JT,L-L-1,5
RAU-17060-674,2020-06-26,12747-63766-EU,L-L-0.2,1
AOL-13866-711,2019-02-14,83490-88357-LJ,E-M-1,4
NOA-79645-377,2020-11-09,53729-30320-XZ,R-D-0.5,5
KMS-49214-806,2019-04-30,50384-52703-LA,E-L-2.5,4
ABK-08091-531,2020-10-30,53864-36201-FG,L-L-1,3
GPT-67705-953,2019-11-12,70631-33225-MZ,A-M-0.2,5
JNA-21450-177,2022-02-11,54798-14109-HC,A-D-1,3
MPQ-23421-608,2021-03-28,08023-52962-ET,E-M-0.5,5
NLI-63891-565,2021-12-10,41899-00283-VK,E-M-0.2,5
HHF-36647-854,2021-11-05,39011-18412-GR,A-D-2.5,6
SBN-16537-046,2020-02-29,60255-12579-PZ,A-D-0.2,1
XZD-44484-632,2021-08-06,80541-38332-BP,E-M-1,2
XZD-44484-632,2021-08-06,80541-38332-BP,A-D-0.2,2
IKQ-39946-768,2021-03-19,72778-50968-UQ,R-M-1,6
KMB-95211-174,2021-04-16,23941-30203-MO,R-D-2.5,4
QWY-99467-368,2020-11-06,96434-50068-DZ,A-D-2.5,1
SRG-76791-614,2021-03-15,11729-74102-XB,E-L-0.5,1
VSN-94485-621,2021-10-17,88116-12604-TE,A-D-0.2,4
UFZ-24348-219,2019-09-07,27930-59250-JT,L-M-2.5,3
UKS-93055-397,2022-07-13,13082-41034-PD,A-D-2.5,5
AVH-56062-335,2021-11-21,18082-74419-QH,E-M-0.5,5
HGE-19842-613,2022-01-13,49401-45041-ZU,R-L-0.5,4
WBA-85905-175,2022-07-13,41252-45992-VS,L-M-0.2,1
DZI-35365-596,2021-11-02,54798-14109-HC,E-M-0.2,2
XIR-88982-743,2021-07-10,00852-54571-WP,E-M-0.2,2
VUC-72395-865,2021-10-07,13321-57602-GK,A-D-0.5,6
BQJ-44755-910,2020-02-28,75006-89922-VW,E-D-2.5,6
JKC-64636-831,2022-07-05,52098-80103-FD,A-M-2.5,2
ZKI-78561-066,2021-09-21,60121-12432-VU,A-D-0.2,3
IMP-12563-728,2019-01-03,68346-14810-UA,E-L-0.5,6
MZL-81126-390,2022-03-08,48464-99723-HK,A-L-0.2,6
MZL-81126-390,2022-03-08,48464-99723-HK,A-M-0.2,2
TVF-57766-608,2020-03-10,88420-46464-XE,L-D-0.5,1
RUX-37995-892,2021-11-27,37762-09530-MP,L-D-2.5,4
AVK-76526-953,2021-03-04,47268-50127-XY,A-D-1,2
RIU-02231-623,2021-11-16,25544-84179-QC,R-L-0.5,5
WFK-99317-827,2019-06-16,32058-76765-ZL,L-D-2.5,3
SFD-00372-284,2020-07-19,54798-14109-HC,L-M-0.2,2
SXC-62166-515,2020-02-28,69171-65646-UC,R-L-2.5,5
YIE-87008-621,2019-06-22,22503-52799-MI,L-M-0.5,4
HRM-94548-288,2019-09-08,08934-65581-ZI,A-L-2.5,6
UJG-34731-295,2022-05-26,15764-22559-ZT,A-M-2.5,1
TWD-70988-853,2019-12-03,87519-68847-ZG,L-D-1,6
CIX-22904-641,2019-09-17,78012-56878-UB,R-M-1,1
DLV-65840-759,2022-05-31,77192-72145-RG,L-M-1,2
RXN-55491-201,2019-10-21,86071-79238-CX,R-L-0.2,6
UHK-63283-868,2022-04-24,16809-16936-WF,A-M-0.5,1
PJC-31401-893,2021-01-13,11212-69985-ZJ,A-D-0.5,3
HHO-79903-185,2022-08-19,53893-01719-CL,A-L-2.5,1
YWM-07310-594,2019-03-02,66028-99867-WJ,E-M-0.5,5
FHD-94983-982,2020-01-21,62839-56723-CH,R-M-0.5,3
WQK-10857-119,2021-09-21,96849-52854-CR,E-D-0.5,1
DXA-50313-073,2019-08-30,19755-55847-VW,E-L-1,2
ONW-00560-570,2019-02-25,32900-82606-BO,A-M-1,2
BRJ-19414-277,2019-09-17,16809-16936-WF,R-M-0.2,4
MIQ-16322-908,2019-08-03,20118-28138-QD,A-L-1,2
MVO-39328-830,2021-02-26,84057-45461-AH,L-M-0.5,5
MVO-39328-830,2021-02-26,84057-45461-AH,A-L-0.5,6
NTJ-88319-746,2021-08-03,90882-88130-KQ,L-L-0.5,3
LCY-24377-948,2021-05-07,21617-79890-DD,R-L-2.5,1
FWD-85967-769,2019-06-14,20256-54689-LO,E-D-0.2,3
KTO-53793-109,2019-11-21,17572-27091-AA,R-L-0.2,2
OCK-89033-348,2021-03-31,82300-88786-UE,A-L-0.2,6
GPZ-36017-366,2019-07-01,65732-22589-OW,A-D-2.5,5
BZP-33213-637,2020-05-05,77175-09826-SF,A-M-2.5,3
WFH-21507-708,2020-04-20,07237-32539-NB,R-D-0.5,1
HST-96923-073,2019-07-18,54722-76431-EX,R-D-2.5,6
ENN-79947-323,2021-11-18,67847-82662-TE,L-M-0.5,2
BHA-47429-889,2020-06-20,51114-51191-EW,E-L-0.2,3
SZY-63017-318,2021-04-06,91809-58808-TV,A-L-0.2,2
LCU-93317-340,2019-06-17,84996-26826-DK,R-D-0.2,1
UOM-71431-481,2022-03-26,65732-22589-OW,R-D-2.5,1
PJH-42618-877,2021-09-30,93676-95250-XJ,A-D-2.5,5
XED-90333-402,2019-06-19,28300-14355-GF,E-M-0.2,5
IKK-62234-199,2022-03-31,91190-84826-IQ,L-L-0.5,6
KAW-95195-329,2020-07-04,34570-99384-AF,R-D-2.5,4
QDO-57268-842,2021-11-21,57808-90533-UE,E-M-2.5,5
IIZ-24416-212,2021-05-31,76060-30540-LB,R-D-0.5,6
AWP-11469-510,2020-04-11,76730-63769-ND,E-D-1,2
KXA-27983-918,2020-09-15,96042-27290-EQ,R-L-0.5,5
VKQ-39009-292,2021-11-23,57808-90533-UE,L-M-1,5
PDB-98743-282,2022-01-23,51940-02669-OR,L-L-1,3
SXW-34014-556,2021-01-27,99144-98314-GN,R-L-0.2,1
QOJ-38788-727,2019-06-24,16358-63919-CE,E-M-2.5,5
TGF-38649-658,2020-03-15,67743-54817-UT,L-M-0.5,2
EAI-25194-209,2021-09-24,44601-51441-BH,A-L-2.5,5
IJK-34441-720,2019-04-05,97201-58870-WB,A-M-0.5,6
ZMC-00336-619,2022-01-27,19849-12926-QF,A-M-0.5,4
UPX-54529-618,2021-09-10,40535-56770-UM,L-D-1,3
DLX-01059-899,2020-01-06,74940-09646-MU,R-L-1,5
MEK-85120-243,2022-03-15,06623-54610-HC,R-L-0.2,3
NFI-37188-246,2021-09-08,89490-75361-AF,A-D-2.5,4
BXH-62195-013,2021-11-11,94526-79230-GZ,A-M-1,4
YLK-78851-470,2019-09-18,58559-08254-UY,R-M-2.5,6
DXY-76225-633,2021-07-29,88574-37083-WX,A-M-0.5,1
UHP-24614-199,2022-03-20,67953-79896-AC,A-M-1,4
HBY-35655-049,2020-05-04,69207-93422-CQ,E-D-2.5,3
DCE-22886-861,2021-04-05,56060-17602-RG,E-D-0.2,1
QTG-93823-843,2022-01-12,46859-14212-FI,A-M-0.5,1
QTG-93823-843,2022-01-12,46859-14212-FI,E-D-0.5,3
WFT-16178-396,2020-12-16,33555-01585-RP,R-D-0.2,5
ERC-54560-934,2022-05-30,11932-85629-CU,R-D-2.5,6
RUK-78200-416,2021-11-09,36192-07175-XC,L-D-0.2,2
KHK-13105-388,2022-04-08,46242-54946-ZW,A-M-1,6
NJR-03699-189,2019-10-08,95152-82155-VQ,E-D-2.5,1
PJV-20427-019,2021-09-12,13404-39127-WQ,A-L-2.5,3
UGK-07613-982,2022-07-28,57808-90533-UE,A-M-0.5,3
OLA-68289-577,2020-06-30,40226-52317-IO,A-M-0.5,5
TNR-84447-052,2019-01-09,34419-18068-AG,E-D-2.5,4
FBZ-64200-586,2022-07-12,51738-61457-RS,E-M-2.5,2
OBN-66334-505,2020-11-30,86757-52367-ON,E-L-0.2,2
NXM-89323-646,2019-03-22,28158-93383-CK,E-D-1,1
NHI-23264-055,2022-02-15,44799-09711-XW,A-D-0.5,4
EQH-53569-934,2020-10-13,53667-91553-LT,E-M-1,4
XKK-06692-189,2021-12-27,86579-92122-OC,R-D-1,3
BYP-16005-016,2021-08-01,01474-63436-TP,R-M-2.5,5
LWS-13938-905,2020-11-18,90533-82440-EE,A-M-2.5,6
OLH-95722-362,2021-10-24,48553-69225-VX,L-D-0.5,3
OLH-95722-362,2021-10-24,48553-69225-VX,R-M-2.5,4
KCW-50949-318,2019-12-30,52374-27313-IV,E-L-1,5
JGZ-16947-591,2021-02-02,14264-41252-SL,L-L-0.2,6
LXS-63326-144,2021-05-16,35367-50483-AR,R-L-0.5,2
CZG-86544-655,2022-04-23,69443-77665-QW,A-L-0.5,2
WFV-88138-247,2021-09-25,63411-51758-QC,R-L-1,3
RFG-28227-288,2022-06-07,68605-21835-UF,A-L-0.5,6
QAK-77286-758,2020-08-11,34786-30419-XY,R-L-0.5,5
CZD-56716-840,2019-02-28,15456-29250-RU,L-D-2.5,4
UBI-59229-277,2019-09-11,00886-35803-FG,L-D-0.5,3
WJJ-37489-898,2021-04-08,31599-82152-AD,A-M-1,1
ORX-57454-917,2021-09-06,76209-39601-ZR,E-D-2.5,3
GRB-68838-629,2021-09-10,15064-65241-HB,R-L-2.5,4
SHT-04865-419,2022-05-22,69215-90789-DL,R-L-0.2,4
UQI-28177-865,2020-09-18,04317-46176-TB,R-L-0.2,6
OIB-13664-879,2021-08-31,04713-57765-KR,A-M-1,2
PJS-30996-485,2022-01-21,86579-92122-OC,A-L-0.2,1
HEL-86709-449,2022-06-10,86579-92122-OC,E-D-2.5,1
NCH-55389-562,2019-04-27,86579-92122-OC,E-L-2.5,5
NCH-55389-562,2019-04-27,86579-92122-OC,R-L-2.5,2
NCH-55389-562,2019-04-27,86579-92122-OC,E-L-1,1
NCH-55389-562,2019-04-27,86579-92122-OC,A-L-0.2,2
GUG-45603-775,2022-02-06,40959-32642-DN,L-L-0.2,5
KJB-98240-098,2022-01-30,77746-08153-PM,L-L-1,5
JMS-48374-462,2020-11-23,49667-96708-JL,A-D-2.5,2
YIT-15877-117,2022-04-13,24155-79322-EQ,R-D-1,1
YVK-82679-655,2021-01-07,95342-88311-SF,R-M-0.5,4
TYH-81940-054,2020-02-04,69374-08133-RI,E-L-0.2,5
HTY-30660-254,2019-09-16,83844-95908-RX,R-M-1,3
GPW-43956-761,2019-01-26,09667-09231-YM,E-L-0.5,6
DWY-56352-412,2021-02-19,55427-08059-DF,R-D-0.2,1
PUH-55647-976,2022-03-22,06624-54037-BQ,R-M-0.2,2
DTB-71371-705,2019-07-03,48544-90737-AZ,L-D-1,1
ZDC-64769-740,2019-09-21,79463-01597-FQ,E-M-0.5,1
TED-81959-419,2019-08-26,27702-50024-XC,A-L-2.5,5
FDO-25756-141,2021-08-03,57360-46846-NS,A-L-2.5,3
HKN-31467-517,2021-10-24,84045-66771-SL,L-M-1,6
POF-29666-012,2019-04-01,46885-00260-TL,R-D-0.5,1
IRX-59256-644,2021-12-08,96446-62142-EN,A-D-0.2,3
LTN-89139-350,2019-06-27,07756-71018-GU,R-L-2.5,5
TXF-79780-017,2020-07-14,92048-47813-QB,R-L-1,5
ALM-80762-974,2020-03-23,84045-66771-SL,A-L-0.5,3
NXF-15738-707,2020-01-26,28699-16256-XV,R-D-0.5,2
MVV-19034-198,2020-05-31,98476-63654-CG,E-D-2.5,6
KUX-19632-830,2021-07-20,55409-07759-YG,E-D-0.2,6
SNZ-44595-152,2022-08-12,06136-65250-PG,R-L-1,2
GQA-37241-629,2020-01-01,08405-33165-BS,A-M-0.2,2
WVV-79948-067,2021-01-18,66070-30559-WI,E-M-2.5,1
LHX-81117-166,2021-12-31,01282-28364-RZ,R-L-1,4
GCD-75444-320,2020-05-04,51277-93873-RP,L-M-2.5,1
SGA-30059-217,2021-02-20,84405-83364-DG,A-D-0.5,5
GNL-98714-885,2020-03-07,83731-53280-YC,R-M-1,3
OQA-93249-841,2019-04-05,03917-13632-KC,A-M-2.5,6
DUV-12075-132,2022-06-06,62494-09113-RP,E-D-0.2,5
DUV-12075-132,2022-06-06,62494-09113-RP,L-D-0.5,2
KPO-24942-184,2021-03-21,70567-65133-CN,L-L-2.5,3
SRJ-79353-838,2021-12-19,77869-81373-AY,A-L-1,6
XBV-40336-071,2021-02-17,38536-98293-JZ,A-D-0.2,3
RLM-96511-467,2020-01-06,43014-53743-XK,R-L-2.5,1
AEZ-13242-456,2022-05-04,62494-09113-RP,R-M-0.5,5
UME-75640-698,2019-10-11,62494-09113-RP,A-M-0.5,4
GJC-66474-557,2021-08-03,64965-78386-MY,A-D-1,1
IRV-20769-219,2020-10-15,77131-58092-GE,E-M-0.2,3